{
  "id": "2294234",
  "name": "华为",
  "font_family": "iconfont",
  "css_prefix_text": "icon-",
  "description": "",
  "glyphs": [
    {
      "icon_id": "5037716",
      "name": "上箭头",
      "font_class": "shangjiantou",
      "unicode": "e628",
      "unicode_decimal": 58920
    },
    {
      "icon_id": "7463942",
      "name": "问号",
      "font_class": "wenhao",
      "unicode": "e629",
      "unicode_decimal": 58921
    },
    {
      "icon_id": "12686842",
      "name": "对",
      "font_class": "icon-",
      "unicode": "e651",
      "unicode_decimal": 58961
    },
    {
      "icon_id": "12754143",
      "name": "下箭头",
      "font_class": "xiajiantou_huaban",
      "unicode": "e63d",
      "unicode_decimal": 58941
    },
    {
      "icon_id": "1127398",
      "name": "左箭头",
      "font_class": "leftarrow",
      "unicode": "e625",
      "unicode_decimal": 58917
    },
    {
      "icon_id": "1127400",
      "name": "右箭头",
      "font_class": "rightarrow",
      "unicode": "e626",
      "unicode_decimal": 58918
    },
    {
      "icon_id": "846521",
      "name": "客服分析 耳麦 客服",
      "font_class": "kefufenxiermaikefu",
      "unicode": "e889",
      "unicode_decimal": 59529
    },
    {
      "icon_id": "386488",
      "name": "微博",
      "font_class": "weibo",
      "unicode": "e635",
      "unicode_decimal": 58933
    },
    {
      "icon_id": "15077408",
      "name": "头条",
      "font_class": "toutiao",
      "unicode": "e631",
      "unicode_decimal": 58929
    },
    {
      "icon_id": "15307312",
      "name": "百度",
      "font_class": "baidu",
      "unicode": "e63f",
      "unicode_decimal": 58943
    },
    {
      "icon_id": "749873",
      "name": "7天退货",
      "font_class": "7tiantuihuo",
      "unicode": "e66c",
      "unicode_decimal": 58988
    },
    {
      "icon_id": "3050508",
      "name": "定位",
      "font_class": "location",
      "unicode": "e611",
      "unicode_decimal": 58897
    },
    {
      "icon_id": "4539904",
      "name": "奖章",
      "font_class": "jiangzhang",
      "unicode": "e61b",
      "unicode_decimal": 58907
    },
    {
      "icon_id": "17606410",
      "name": "纸箱",
      "font_class": "zhixiang",
      "unicode": "e6b7",
      "unicode_decimal": 59063
    },
    {
      "icon_id": "4685705",
      "name": "提示",
      "font_class": "Group-",
      "unicode": "e68a",
      "unicode_decimal": 59018
    },
    {
      "icon_id": "653979",
      "name": "手机",
      "font_class": "shouji",
      "unicode": "e60f",
      "unicode_decimal": 58895
    },
    {
      "icon_id": "7777814",
      "name": "信息",
      "font_class": "xinxi",
      "unicode": "e612",
      "unicode_decimal": 58898
    },
    {
      "icon_id": "6235315",
      "name": "密码不可见",
      "font_class": "mimabukejian",
      "unicode": "e624",
      "unicode_decimal": 58916
    },
    {
      "icon_id": "354639",
      "name": "qq",
      "font_class": "iconfonticon6",
      "unicode": "e62e",
      "unicode_decimal": 58926
    },
    {
      "icon_id": "551512",
      "name": "微信",
      "font_class": "wechat",
      "unicode": "e619",
      "unicode_decimal": 58905
    },
    {
      "icon_id": "17541513",
      "name": "支付宝",
      "font_class": "zhifubao",
      "unicode": "e61e",
      "unicode_decimal": 58910
    }
  ]
}
